<?xml version="1.0" encoding="UTF-8"?>
<!-- 
 Copyright (C) 2014 - Open Source Geospatial Foundation. All rights reserved.
 This code is licensed under the GPL 2.0 license, available at the root
 application directory.
 -->
<!DOCTYPE beans PUBLIC "-//SPRING//DTD BEAN//EN" "http://www.springframework.org/dtd/spring-beans.dtd">

<beans>	
	<!--  
		Map producers and Responses
	 -->
	<bean id="BandstifMapProducer" class="org.geoserver.wms.map.RenderedImageMapOutputFormat">
      <constructor-arg>
        <description>The prescribed output format MIME-Type</description>
        <value>application/bandstif</value>
      </constructor-arg>
      <constructor-arg>
        <description>The declared output format MIME-Types in the capabilities document</description>
        <list>
		  <value>application/bandstif</value>
          <value>application/bandstifbyte8</value>
          <value>application/bandstiffloat32</value>
        </list>
      </constructor-arg>
      <constructor-arg ref="wms" />
    </bean>
	<bean id="BandstifMapResponse"
		scope="prototype"
		class="org.geoserver.wms.bandstif.BandstifMapResponse">
		<constructor-arg index="0" ref="wms"/>
	</bean>

    <!-- Register a layer configuration panel to allow the server admin to configure how BIL output is produced. -->
    <!--<bean id="BandstifLayerConfig" class="org.geoserver.web.publish.LayerConfigurationPanelInfo">
        <property name="id" value="BandstifLayerConfig"/>
        <property name="titleKey" value="publish.layer.config.bandstif"/>
        <property name="componentClass" value="org.geoserver.wms.bandstif.web.BandstifLayerConfigPanel"/>
        <property name="supportedTypes">
            <list>
                <value>org.geoserver.catalog.CoverageInfo</value>
            </list>
        </property>
    </bean>-->
</beans>
